"benchmark","loadconfig","real","user","sys","count"
"silo-tpcc","plain",327.964,947.756,3.5440000000000005,5
"silo-tpcc","random",351.366,1019.702,3.646,5
"silo-tpcc","single",341.96200000000005,987.0640000000001,3.4300000000000006,5
"silo-ycsb","plain",393.03,1007.7375,0.0125,4
"silo-ycsb","random",384.088,1008.3520000000001,0.008,5
"silo-ycsb","single",344.51800000000003,1021.4440000000001,0.044,5
