"benchmark","loadconfig","real","user","sys","count"
"silo-tpcc","plain",353.274,991.0400000000002,4.6979999999999995,5
"silo-tpcc","random",335.54400000000004,976.0040000000001,4.6259999999999994,5
"silo-tpcc","single",320.6,934.516,3.44,5
"silo-ycsb","plain",389.79,1004.3675,0.005,4
"silo-ycsb","random",381.036,1006.9780000000001,0.008,5
"silo-ycsb","single",349.79200000000003,1017.8280000000001,0.0,5
