"benchmark","loadconfig","real","user","sys","count"
"silo-tpcc","plain",328.7579999999999,946.8979999999999,3.4939999999999998,5
"silo-tpcc","random",342.448,978.802,3.526,5
"silo-tpcc","single",328.276,952.158,3.3939999999999997,5
"silo-ycsb","plain",394.73,1007.7075,0.0075,4
"silo-ycsb","random",365.17999999999995,1006.3039999999999,0.012,5
"silo-ycsb","single",351.26,1024.272,0.004,5
